tumor_radius	mean_time	mean_time_CPU
50	2.679844379425049	2.547391050749999
100	3.3971725702285767	3.022811113499995
275	9.772925078868866	7.3794985504999975
400	20.80067616701126	13.449205439000021
